네이버 클라우드 및 개발자 취업&채용 준비 (비전공/신입/경력),https://m.blog.naver.com/ridesafe/222316609635
좋은 주니어 개발자를 뽑는 6가지 질문! (개발자 채용 시 기술면접 질문 리스트),https://m.blog.naver.com/le_blanc_/222286969543
개발자채용 공고 점핏 앱으로 한눈에 보이네,https://m.blog.naver.com/dkfhadlclsrn/222282662777
경력개발자 이직. 개발자채용 플랫폼 점핏으로 내게 맞는 회사 이직과 함께 취업축하금 챙기기,https://m.blog.naver.com/eunjinid/222290629362
"2021년 SW 개발자 채용 시장 전망… ""원격 채용 늘고 클라우드 상한가"" - 01월 26일 IT 뉴스",https://m.blog.naver.com/idg_korea/222220183719
개발자 채용 경쟁,https://m.blog.naver.com/dus0628/222294533741
[단독] 초봉 9000만원…한국 'S급 개발자' 모셔가는 구글·페북,https://m.post.naver.com/viewer/postView.nhn?volumeNo=31312782&memberNo=37570062&vType=VERTICAL
"개발자이직, 채용공고는 점핏(jumpit)으로!",https://m.blog.naver.com/dc20462/222291866389
개발자 채용 1900명..? 라인 카카오 크래프톤 연봉도 높던데 장난아닌듯..,https://m.cafe.naver.com/specup/6678833
네이버 채용 개발자 900명! 4월 1일부터 접수 시작한다네요! 네이버 평균 연봉은?,https://m.cafe.naver.com/specup/6663189
[일반채용] (주)밴플 | 웹서비스 개발자 채용 (~4/15),https://m.blog.naver.com/weconnectkr/222300282721
"[2021 네이버] 네이버,카뱅,화해,직방 'IT개발자 채용광고'경쟁... 강남역,판교역에 잇단 채용광고판",https://m.blog.naver.com/trues7/222323882241
개발자채용확대 알아보고 있다면,https://m.blog.naver.com/hecouple/222208050968
"모바일 앱 개발자, 4차산업혁명 IT국비지원 100% 전액 지원 나도 받을 수 있을까?",https://m.cafe.naver.com/dowajo/1195416
개발자이직 및 개발자채용 플랫폼 점핏,https://m.blog.naver.com/characteria/222278551140
[채용공고] 플리토에서 iOS 앱 개발자를 채용합니다.,https://m.blog.naver.com/flitto_inc/222211424411
"스마일게이트 그룹, 500명 규모의 경력 게임 개발자 대상 공개 채용",https://m.cafe.naver.com/bebettergirls/1732101
"핀다, 개발자 대규모 채용 ""유능한 인재 통해 퀀텀점프 할 때""",https://m.blog.naver.com/vsquare1/222213906890
클라우드 시스템 개발자 채용예정자 과정 교육생 모집,https://m.blog.naver.com/love_kopo/222316712055
?K-Startup Issue & Trend? 43회차. 스타트업 개발자 채용 전쟁,https://m.blog.naver.com/bizinfo1357/222265566437
“금융계에도 IT 개발자 채용 바람 분다!”,https://m.blog.naver.com/kjtimes1/222270766842
[영국 채용공고 :: 웹개발자] 파이썬(PYTHON) + 자바스크립트 개발자 모집,https://m.blog.naver.com/sw4r/222335225050
[진행중] 스타트업 Back-end 개발자 채용,https://m.blog.naver.com/omos_lab/222311553785
한국전력공사 FrontEnd/BackEnd 개발자 채용(4명),https://m.cafe.naver.com/hacosa/290618
"카카오뱅크, 경력개발자 공개채용… 두 자릿수 선발",https://m.blog.naver.com/8olive/222263915964
"KT·카카오, 주총서 성장 다짐…네이버, 사상 최대 개발자 채용",https://m.blog.naver.com/sjseo1119/222291990135
개발자채용 점핏 jumpit 앱으로 한눈에 공고 확인하기,https://m.blog.naver.com/dudrms606/222290660720
"아이온커뮤니케이션즈, 이커머스 관련 개발자 수시 채용",https://m.blog.naver.com/ioncomm/222277396804
"[사람인 최신소식] 사람인, IT 개발자 채용 플랫폼 ‘점핏(Jumpit)’ 론칭!",https://m.blog.naver.com/saraminapp/222268344324
[이벤터스 | 채용 인터뷰] 이벤트 테크의 미래를 만드는 개발자를 만나다,https://m.blog.naver.com/withitblog/222213728898
