파이썬으로 이미지 크롤링하기!,https://m.cafe.naver.com/gubass/22271
쿠팡 크롤링 + 규모가 조금 커진 자동화 + 정규식,https://m.blog.naver.com/yoonicode/222325938855
[ Python - 8 ] 이미지 크롤링 --> 네이버에서 안되나??,https://m.blog.naver.com/sgkim21/222288338200
28강. 웹 크롤링,https://m.blog.naver.com/ljwon77_/222253423551
구글 이미지 크롤링 시도 실패?,https://m.blog.naver.com/gbpark99/222306845157
파이썬으로 구글 이미지 크롤링하기,https://m.blog.naver.com/fkdldjs60/221874567247
웹 크롤링을 통한 구글 스프레드시트 데이터 저장하기,https://m.blog.naver.com/wjdgmlgus5/222244363797
구글 이미지 크롤링하기,https://m.blog.naver.com/khw11044/222014819050
[Python] 파이썬의 음력 양력 생일 날짜 변환을 위해 KoreanLunarCalendar 모듈에 대해 알아봅니다.,https://ddolcat.tistory.com/836
"[파이썬] 검색어 크롤링 후, 텍스트파일저장",https://m.blog.naver.com/pjbmask/221928038830
20. 11. 17(코딩 독학 41일차 / 인프런 강의),https://m.blog.naver.com/daminking123/222146957688
YOLO를 이용한 쓰레기 감지 흐름도,https://m.blog.naver.com/payo03/222032643803
파이썬_네이버 이미지 검색결과 크롤링하기,https://m.blog.naver.com/limhan456/222068737820
BS 바바리안 문제입니다.,https://m.cafe.naver.com/durune/199559
day 7 : 파이썬 크롤링 csv 파일 저장 방법 네이버 모바일 검색결과 웹스크래핑,https://m.blog.naver.com/i_like_elmo/221983048273
editplus cpp.stx 2019-02-10,https://m.blog.naver.com/raon_pgm/221462171970
Here's a Look at Trade-In Values for Current iPhones if You're Preparing for the iPhone X,https://www.macrumors.com/2017/09/11/look-at-trade-in-values/
단축키모음,https://blog.daum.net/hboungik/2031
팟캐스트 영어스터디 71주차를 마치고(43분 완결 인증),https://m.blog.naver.com/ledzeppeline/222145305189
"성공적인 연구 환경으로 무엇이 중요한가? 현실주의자 합성 (Med Educ, 2018)",https://dohwan.tistory.com/2071
"빌보드차트분석 2020년8월15일::케이티 페리=약 100번, 마일리 사이러스=첫경험, 카디비=뱀의 오줌",https://m.blog.naver.com/mindonna/222061614991
<펌> Cyrus the Great,https://blog.daum.net/lainfos/512
파이썬 웹 크롤링(Web Crawling) 웹페이지 긁어오기,https://futurum.tistory.com/353
"크롤링을 해보자 (텍스트, 이미지)",https://m.blog.naver.com/whatadayy/222194099685
항공권 펜딩상태입니다. 결제가 아직 안되었어요.,https://m.cafe.naver.com/iloveau/389425
google image crawling source code,https://m.blog.naver.com/novjyg/221967933813
bs) 봇을 돌릴 때 마다 신경쓰입니다.. 확인 좀 부탁드립니다,https://m.cafe.naver.com/durune/195376
ddd,https://m.blog.naver.com/4984man/222100250574
익스플로러 플래티넘 풀옵션 적용한 미국가격 6920만원,https://m.cafe.naver.com/lincolnmotors/106581
참이슬님 봐주세용 리더 캐릭 이니 입니다,https://m.cafe.naver.com/durune/167965
