Python 웹 크롤링(Crawling) Tip,https://m.blog.naver.com/ree31206/222169901598
파이썬크롤링 및 웹크롤링 기술에 대해 알아보자!,https://m.blog.naver.com/ridesafe/221969995171
"selenium을 활용한 웹크롤링, 그리고 드디어 도전해 본 파이썬 시각화(워드클라우드 wordcloud)",https://m.blog.naver.com/annerheekim/222059514379
구글 스프레드시트에서 웹 크롤링하기 - importjson 활용법.,http://m.post.naver.com/viewer/postView.nhn?volumeNo=11697606&memberNo=33264526&vType=VERTICAL
2021년 7월 비전공자 및 완전초보자를 위한 파이썬과 웹크롤링 핵심 특강 (전문가초청 특강),https://m.blog.naver.com/9065031/222330608325
웹크롤링학원 파이썬/빅데이터/하둡/R 한번에 한곳에서!,https://m.cafe.naver.com/jonggoodjob/922
[데이터사이언스] 웹크롤러 파이썬 크롤링,https://m.blog.naver.com/seon1487/222316517366
RPA사례 엑셀자동화(웹크롤링) 홈택스 사업자휴폐업조회,https://m.blog.naver.com/inzisoft/222324615052
웹크롤링학원 빅데이터까지 배울 수 있어요!,https://m.blog.naver.com/whtjddnjs1109/222329021886
[엑셀VBA] 웹크롤링(3) - 네이버/뉴스 검색,https://m.blog.naver.com/njuya0128/221997291129
파이썬 웹크롤링으로 데이터 모으기,https://m.blog.naver.com/nasu0210/222216213347
파이썬크롤링 웹크롤러 데이터사이언스 빅데이터 데이터분석 머신러닝 인공지능 AI 교육 학원,https://m.cafe.naver.com/minocafeminebi/1621
파이썬 웹크롤링 질문드려요 (재무제표 크롤링),https://m.cafe.naver.com/pystock/6831
엑셀 웹크롤링,https://m.blog.naver.com/pak6776/222272467364
[ahk/오토핫키-예제]마을과 오토핫키의 결합- 인터넷 자료검색(웹크롤링) -winHttp 사용,https://m.cafe.naver.com/dittosql/11463
VBA 웹크롤링 질문드립니다,https://m.cafe.naver.com/gogoomas/376493
#파이썬 1 웹크롤링 3화 - 네이버 쇼핑 웹 스크래핑,https://m.blog.naver.com/comefunny12/222293292526
스크래피(Scrapy) 활용한 웹 크롤링 파이썬(Python) 예제,https://m.blog.naver.com/since201109/221884961555
웹 크롤링이란?,https://m.blog.naver.com/jklee__/222321517139
파이썬웹크롤링 기술을 준비해야하는 이유는 뭘까?,https://m.cafe.naver.com/jonggoodjob/777
R을 이용한 인스타그램 웹크롤링(web craling),https://m.blog.naver.com/sorry7723/222286006975
파이썬 웹 크롤링 연습문제,https://m.blog.naver.com/dongho20808/222329934519
"웹 페이지 크롤링 서비스 '리스틀리', 투자 유치",https://m.blog.naver.com/vsquare1/222320166575
웹크롤링 [금통위의사록 파이썬으로 다운받기],https://m.blog.naver.com/jjys9047/221584977592
[데이터 수집] 웹크롤링 - 사고실험하기,https://m.blog.naver.com/tigerkey10/222220815362
오늘의 수업 - 웹 페이지 크롤링 다른 것도,https://m.blog.naver.com/skz1024/222329021155
웹크롤링과 파이썬크롤링에 대해서 알아보자,https://m.blog.naver.com/skh556/222122641389
"파이썬으로 이런 것도 할 수 있다고? 웹개발, 크롤링, GUI프로그래밍",https://m.blog.naver.com/tnscoding/222316574972
파이썬 기초 + 웹 크롤링 (디지털마케팅) 데이터 수집 · 분석 실무과정 무료 동영상 강의 수강안내,https://m.blog.naver.com/uos2007/222171290622
[즐여긍TALK] 파이썬 웹크롤링시 PAGE 접근이 안된다.,https://m.blog.naver.com/newlywedkim/222226288031
