순위,마감일자,회사명,링크,내용,채용직종,조건
1위,상시채용,제이스퓨처,https://www.jobkorea.co.kr//Recruit/GI_Read/34655649?PageGbn=ST&TpGb=TP,안드로이드(Android) 모바일 개발 경력 모집,"
웹프로그래머
응용프로그래머
웹기획·PM
HTML·퍼블리싱·UI개발 외
","
신입·경력
대졸↑
서울
정규직
"
2위,채용 시 마감,콘텐츠웨이브㈜,https://www.jobkorea.co.kr//Recruit/GI_Read/34717808?PageGbn=ST&TpGb=TP,"wavve 다수 채용(개발, 마케팅, 기획, 행정)","
HTML·퍼블리싱·UI개발
웹기획·PM
빅데이터·AI(인공지능)
웹디자인 외
","
신입·경력
학력무관
서울
정규직, 계약직
"
3위,~05/23(일),YES24㈜,https://www.jobkorea.co.kr//Recruit/GI_Read/34675172?PageGbn=ST&TpGb=TP,신입 인턴사원 공개채용 (도서/마케팅부문/서비스기획 부문),"
웹기획·PM
HTML·퍼블리싱·UI개발
웹프로그래머
응용프로그래머 외
","
인턴·신입
대졸↑
서울
인턴
"
4위,~05/21(금),삼성메디슨㈜,https://www.jobkorea.co.kr//Recruit/GI_Read/34726011?PageGbn=ST&TpGb=TP,2021년 상반기 3급 신입사원 채용,"
소프트웨어·하드웨어
전기·전자·제어
","
신입
서울
"
5위,~05/17(월),㈜JYP엔터테인먼트,https://www.jobkorea.co.kr//Recruit/GI_Read/34631967?PageGbn=ST&TpGb=TP,2021년 2분기 신입사원 공개 채용,"
동영상제작·편집
웹마케팅
마케팅·광고·분석
연예·엔터테인먼트 외
","
신입
학력무관
서울
정규직
"
6위,~05/14(금),㈜야나두,https://www.jobkorea.co.kr//Recruit/GI_Read/34587650?PageGbn=ST&TpGb=TP,[카카오 에듀테크 계열사] 야나두 2021년 대규모 공개 채용,"
웹프로그래머
응용프로그래머
시스템프로그래머
DBA·데이터베이스 외
","
신입·경력
대졸↑
서울, 경기
정규직
"
7위,~05/20(목),케이카(주),https://www.jobkorea.co.kr//Recruit/GI_Read/34730135?PageGbn=ST&TpGb=TP,[K Car] 2021년 상반기 신입/경력 각 부문 인재 채용,"
웹프로그래머
응용프로그래머
네트워크·서버·보안
컨텐츠·사이트운영 외
","
신입·경력
학력무관
서울, 경기, 대전 외
정규직
"
8위,~05/20(목),케이카(주),https://www.jobkorea.co.kr//Recruit/GI_Read/34730135?PageGbn=ST&TpGb=TP,[K Car] 2021년 상반기 신입/경력 각 부문 인재 채용,"
웹프로그래머
응용프로그래머
네트워크·서버·보안
컨텐츠·사이트운영 외
","
신입·경력
학력무관
서울, 경기, 대전 외
정규직
"
9위,~05/25(화),국방과학연구소,https://www.jobkorea.co.kr//Recruit/GI_Read/34656543?PageGbn=ST&TpGb=TP,21년 상반기 전문계약직 공개채용 공고,"
응용프로그래머
시스템프로그래머
네트워크·서버·보안
ERP·시스템분석·설계 외
","
경력무관
학력무관
서울, 대전, 충남 외
정규직
"
10위,~05/18(화),한국주택금융공사,https://www.jobkorea.co.kr//Recruit/GI_Read/34591182?PageGbn=ST&TpGb=TP,직무능력 평가기반 신입직원 채용공고,"
웹프로그래머
응용프로그래머
시스템프로그래머
DBA·데이터베이스 외
","
인턴·경력무관
학력무관
부산, 전국
정규직, 인턴
"
11위,상시채용,제이스퓨처,https://www.jobkorea.co.kr//Recruit/GI_Read/34655649?TpGb=TP,안드로이드(Android) 모바일 개발 경력 모집,"
웹프로그래머
응용프로그래머
웹기획·PM
HTML·퍼블리싱·UI개발 외
","
신입·경력
대졸↑
서울
정규직
"
12위,채용 시 마감,콘텐츠웨이브㈜,https://www.jobkorea.co.kr//Recruit/GI_Read/34717808?TpGb=TP,"wavve 다수 채용(개발, 마케팅, 기획, 행정)","
HTML·퍼블리싱·UI개발
웹기획·PM
빅데이터·AI(인공지능)
웹디자인 외
","
신입·경력
학력무관
서울
정규직, 계약직
"
13위,~05/14(금),㈜야나두,https://www.jobkorea.co.kr//Recruit/GI_Read/34587650?TpGb=TP,[카카오 에듀테크 계열사] 야나두 2021년 대규모 공개 채용,"
웹프로그래머
응용프로그래머
시스템프로그래머
DBA·데이터베이스 외
","
신입·경력
대졸↑
서울, 경기
정규직
"
14위,~05/20(목),케이카(주),https://www.jobkorea.co.kr//Recruit/GI_Read/34730135?TpGb=TP,[K Car] 2021년 상반기 신입/경력 각 부문 인재 채용,"
웹프로그래머
응용프로그래머
네트워크·서버·보안
컨텐츠·사이트운영 외
","
신입·경력
학력무관
서울, 경기, 대전 외
정규직
"
15위,~05/20(목),케이카(주),https://www.jobkorea.co.kr//Recruit/GI_Read/34730135?TpGb=TP,[K Car] 2021년 상반기 신입/경력 각 부문 인재 채용,"
웹프로그래머
응용프로그래머
네트워크·서버·보안
컨텐츠·사이트운영 외
","
신입·경력
학력무관
서울, 경기, 대전 외
정규직
"
16위,~05/25(화),국방과학연구소,https://www.jobkorea.co.kr//Recruit/GI_Read/34656543?TpGb=TP,21년 상반기 전문계약직 공개채용 공고,"
응용프로그래머
시스템프로그래머
네트워크·서버·보안
ERP·시스템분석·설계 외
","
경력무관
학력무관
서울, 대전, 충남 외
정규직
"
17위,~05/19(수),도미노피자(청오디피케이),https://www.jobkorea.co.kr//Recruit/GI_Read/34709022?TpGb=TP,도미노피자 각부문(자회사/관계사포함) 공개채용,"
웹프로그래머
응용프로그래머
웹기획·PM
웹마케팅 외
","
경력무관
학력무관
서울, 경기, 충남
정규직
"
18위,~05/26(수),㈜아이비케이시스템,https://www.jobkorea.co.kr//Recruit/GI_Read/34721729?TpGb=TP,IBK시스템 직원 모집(관제직/경영기획/인사),"
웹프로그래머
응용프로그래머
시스템프로그래머
DBA·데이터베이스 외
","
신입·경력
학력무관
서울, 경기
정규직
"
19위,~10/15(금),㈜우아한형제들,https://www.jobkorea.co.kr//Recruit/GI_Read/34208668?TpGb=TP,각 부문별 경력/신입 인재영입,"
응용프로그래머
빅데이터·AI(인공지능)
웹프로그래머
시스템프로그래머 외
","
신입·경력
학력무관
서울
정규직, 계약직
"
20위,내일 24시 마감,현대로템㈜,https://www.jobkorea.co.kr//Recruit/GI_Read/34653963?TpGb=TP,2021년 현대로템 신입/경력사원 채용,"
소프트웨어·하드웨어
빅데이터·AI(인공지능)
응용프로그래머
자동차·조선·기계 외
","
신입·경력
대졸↑
경기
정규직, 계약직
"
