순서,날짜,제목,링크
1,"<span class=""f"">2021. 2. 22. — </span>",2021년 국립중앙과학관 모니터링단 모집 공고문 < 공지사항 ...,https://www.science.go.kr/board/view?menuId=MENU00477&linkId=4701499
2,"<span class=""f"">2021. 3. 26. — </span>",2021년 10기 모니터링단 합격자 명단 < 공지사항<소통마당 ...,https://www.science.go.kr/board/view?menuId=MENU00477&linkId=4701546
3,"<span class=""f"">2021. 3. 31. — </span>",2021년 학부모정책 모니터단 모집 안내,http://www.ustc.or.kr/_mdl/popup/ustc-g/2547
4,"<span class=""f"">2021. 3. 2. — </span>",2021년 박물관 누리집 모니터링단 모집 공고,http://www.much.go.kr/cop/bbs/AnyselectBoardArticle.do;jsessionid=1bSXnQ18I8JZGwbPnvJTzD4C4bSLaZsayXi4fAA6irX6XXGxJJzavSILqmcnBmP3.mus-web01_servlet_engine1?bbsId=BBSMSTR_000000000022&nttId=2704&bbsTyCode=BBST03&bbsAttrbCode=BBSA03&pageIndex=1&searchCnd=&searchWrd=
5,,2021년 양성평등 도민 모니터링단 모집 공고 - UIFA EXPO,https://uifaexpo.com:9451/gs/module/support/download_02.php?file=/home/eag_homepage/public_html/autoin/gs/data/gs_gb/gillboard_23/45_gs_file1_3_1489430850.pdf&file_name=%EB%AA%A8%EC%A7%91%EA%B3%B5%EA%B3%A0%EB%AC%B8_2021%EB%85%84%20%EC%96%91%EC%84%B1%ED%8F%89%EB%93%B1%20%EB%8F%84%EB%AF%BC%EB%AA%A8%EB%8B%88%ED%84%B0%EB%A7%81%EB%8B%A8%20%EC%8B%A0%EC%B2%AD%20%EC%95%88%EB%82%B4.pdf
6,,모니터링단 : 서울특별시 통합검색,http://newsearch.seoul.go.kr/ksearch/search.do?kwd=%EB%AA%A8%EB%8B%88%ED%84%B0%EB%A7%81%EB%8B%A8&callLoc=s
7,"<span class=""f"">2021. 4. 21. — </span>",2021년 청소년유해매체 모니터링단 채용 공고 : 네이버 블로그,https://blog.naver.com/PostView.nhn?blogId=mogefkorea&logNo=222318097916&parentCategoryNo=&categoryNo=26&viewDate=&isShowPopularPosts=true&from=search
8,"<span class=""f"">2021. 1. 8. — </span>",2021년 한국선거방송 시청자 모니터링단 모집 | 공모전 대외 ...,https://www.all-con.co.kr/page/uni_activity_view.php?cl_srl=460940
9,"<span class=""f"">2021. 2. 8. — </span>",2021년 통계정보서비스 모니터단 및 서포터즈 모집 | 공모전 ...,https://www.all-con.co.kr/page/uni_activity_view.php?cl_srl=461754
10,"<span class=""f"">2021. 3. 15. — </span>",2021년 공연사업 모니터링단 모집 - WEVITY(위비티) 공모전,https://www.wevity.com/index_university.php?c=find&s=_university&mode=soon&gbn=view&gp=6&ix=48838
